Workbook

Sheet Modul 4
A1: Dimensiune audienta | B1: 300000
A2: Buget Disponibil | B2: 10000
A3: Frecventa | B3: =(E20+E25)*1000/8/B1+E13*1000/2/B1 -> 9.6041667
B4: BUGET | X4: Luna 1 | AC4: Luna 2 | AH4: Luna 3
A5: Canal / Funnel | B5: Luna 1 | C5: Luna 2 | D5: Luna 3 | E5: TOTAL | X5: CPC | Y5: Clicks | Z5: CVR LEAD | AA5: LEAD | AB5: CVR CAR | AC5: CPC | AD5: Clicks | AE5: CVR LEAD | AF5: LEAD | AG5: CVR CAR | AH5: CPC | AI5: Clicks | AJ5: CVR LEAD | AK5: LEAD | AL5: CVR CAR
A6: Awareness
A7: Meta Traffic | B7: 500 | C7: 400 | D7: 300 | E7: =SUM(B7:D7) -> 1200 | X7: =_xlfn.XLOOKUP(A7,Foaie2!A:A,Foaie2!C:C,0) -> 0.06 | Y7: =IFERROR(B7/X7,0) -> 8333.3333 | Z7: =_xlfn.XLOOKUP(A7,Foaie2!A:A,Foaie2!D:D,0) -> 0.002 | AA7: =Y7*Z7 -> 16.666667 | AB7: =_xlfn.XLOOKUP(A7,Foaie2!A:A,Foaie2!E:E,0) -> 0.0005 | AC7: =_xlfn.XLOOKUP(A7,Foaie2!A:A,Foaie2!G:G,0) -> 0.06 | AD7: =IFERROR(C7/AC7,0) -> 6666.6667 | AE7: =_xlfn.XLOOKUP(A7,Foaie2!A:A,Foaie2!H:H,0) -> 0.001 | AF7: =AD7*AE7 -> 6.6666667 | AG7: =_xlfn.XLOOKUP(A7,Foaie2!A:A,Foaie2!I:I,0) -> 0.0005 | AH7: =_xlfn.XLOOKUP(A7,Foaie2!A:A,Foaie2!K:K,0) -> 0.06 | AI7: =IFERROR(D7/AH7,0) -> 5000 | AJ7: =_xlfn.XLOOKUP(A7,Foaie2!A:A,Foaie2!L:L,0) -> 0.001 | AK7: =AI7*AJ7 -> 5 | AL7: =_xlfn.XLOOKUP(A7,Foaie2!A:A,Foaie2!M:M,0) -> 0.0005
A8: Meta Reach | B8: 400 | C8: 250 | E8: =SUM(B8:D8) -> 650 | X8: =_xlfn.XLOOKUP(A8,Foaie2!A:A,Foaie2!C:C,0) -> 0.3 | Y8: =IFERROR(B8/X8,0) -> 1333.3333 | Z8: =_xlfn.XLOOKUP(A8,Foaie2!A:A,Foaie2!D:D,0) -> 0.004 | AA8: =Y8*Z8 -> 5.3333333 | AB8: =_xlfn.XLOOKUP(A8,Foaie2!A:A,Foaie2!E:E,0) -> 0.0015 | AC8: =_xlfn.XLOOKUP(A8,Foaie2!A:A,Foaie2!G:G,0) -> 0.3 | AD8: =IFERROR(C8/AC8,0) -> 833.33333 | AE8: =_xlfn.XLOOKUP(A8,Foaie2!A:A,Foaie2!H:H,0) -> 0.002 | AF8: =AD8*AE8 -> 1.6666667 | AG8: =_xlfn.XLOOKUP(A8,Foaie2!A:A,Foaie2!I:I,0) -> 0.0015 | AH8: =_xlfn.XLOOKUP(A8,Foaie2!A:A,Foaie2!K:K,0) -> 0.3 | AI8: =IFERROR(D8/AH8,0) -> 0 | AJ8: =_xlfn.XLOOKUP(A8,Foaie2!A:A,Foaie2!L:L,0) -> 0.002 | AK8: =AI8*AJ8 -> 0 | AL8: =_xlfn.XLOOKUP(A8,Foaie2!A:A,Foaie2!M:M,0) -> 0.0015
A9: Meta Video Views | B9: 400 | C9: 200 | E9: =SUM(B9:D9) -> 600 | X9: =_xlfn.XLOOKUP(A9,Foaie2!A:A,Foaie2!C:C,0) -> 1 | Y9: =IFERROR(B9/X9,0) -> 400 | Z9: =_xlfn.XLOOKUP(A9,Foaie2!A:A,Foaie2!D:D,0) -> 0.0075 | AA9: =Y9*Z9 -> 3 | AB9: =_xlfn.XLOOKUP(A9,Foaie2!A:A,Foaie2!E:E,0) -> 0.001 | AC9: =_xlfn.XLOOKUP(A9,Foaie2!A:A,Foaie2!G:G,0) -> 1 | AD9: =IFERROR(C9/AC9,0) -> 200 | AE9: =_xlfn.XLOOKUP(A9,Foaie2!A:A,Foaie2!H:H,0) -> 0.0055 | AF9: =AD9*AE9 -> 1.1 | AG9: =_xlfn.XLOOKUP(A9,Foaie2!A:A,Foaie2!I:I,0) -> 0.001 | AH9: =_xlfn.XLOOKUP(A9,Foaie2!A:A,Foaie2!K:K,0) -> 1 | AI9: =IFERROR(D9/AH9,0) -> 0 | AJ9: =_xlfn.XLOOKUP(A9,Foaie2!A:A,Foaie2!L:L,0) -> 0.0035 | AK9: =AI9*AJ9 -> 0 | AL9: =_xlfn.XLOOKUP(A9,Foaie2!A:A,Foaie2!M:M,0) -> 0.001
A10: YouTube Skippable In-Stream | B10: 300 | C10: 100 | E10: =SUM(B10:D10) -> 400 | X10: =_xlfn.XLOOKUP(A10,Foaie2!A:A,Foaie2!C:C,0) -> 1 | Y10: =IFERROR(B10/X10,0) -> 300 | Z10: =_xlfn.XLOOKUP(A10,Foaie2!A:A,Foaie2!D:D,0) -> 0.0075 | AA10: =Y10*Z10 -> 2.25 | AB10: =_xlfn.XLOOKUP(A10,Foaie2!A:A,Foaie2!E:E,0) -> 0.0015 | AC10: =_xlfn.XLOOKUP(A10,Foaie2!A:A,Foaie2!G:G,0) -> 1 | AD10: =IFERROR(C10/AC10,0) -> 100 | AE10: =_xlfn.XLOOKUP(A10,Foaie2!A:A,Foaie2!H:H,0) -> 0.0055 | AF10: =AD10*AE10 -> 0.55 | AG10: =_xlfn.XLOOKUP(A10,Foaie2!A:A,Foaie2!I:I,0) -> 0.0015 | AH10: =_xlfn.XLOOKUP(A10,Foaie2!A:A,Foaie2!K:K,0) -> 1 | AI10: =IFERROR(D10/AH10,0) -> 0 | AJ10: =_xlfn.XLOOKUP(A10,Foaie2!A:A,Foaie2!L:L,0) -> 0.0035 | AK10: =AI10*AJ10 -> 0 | AL10: =_xlfn.XLOOKUP(A10,Foaie2!A:A,Foaie2!M:M,0) -> 0.0015
A11: Google Display | B11: 300 | C11: 250 | D11: 200 | E11: =SUM(B11:D11) -> 750 | X11: =_xlfn.XLOOKUP(A11,Foaie2!A:A,Foaie2!C:C,0) -> 0.6 | Y11: =IFERROR(B11/X11,0) -> 500 | Z11: =_xlfn.XLOOKUP(A11,Foaie2!A:A,Foaie2!D:D,0) -> 0.003 | AA11: =Y11*Z11 -> 1.5 | AB11: =_xlfn.XLOOKUP(A11,Foaie2!A:A,Foaie2!E:E,0) -> 0.0005 | AC11: =_xlfn.XLOOKUP(A11,Foaie2!A:A,Foaie2!G:G,0) -> 0.6 | AD11: =IFERROR(C11/AC11,0) -> 416.66667 | AE11: =_xlfn.XLOOKUP(A11,Foaie2!A:A,Foaie2!H:H,0) -> 0.0015 | AF11: =AD11*AE11 -> 0.625 | AG11: =_xlfn.XLOOKUP(A11,Foaie2!A:A,Foaie2!I:I,0) -> 0.0005 | AH11: =_xlfn.XLOOKUP(A11,Foaie2!A:A,Foaie2!K:K,0) -> 0.6 | AI11: =IFERROR(D11/AH11,0) -> 333.33333 | AJ11: =_xlfn.XLOOKUP(A11,Foaie2!A:A,Foaie2!L:L,0) -> 0.0015 | AK11: =AI11*AJ11 -> 0.5 | AL11: =_xlfn.XLOOKUP(A11,Foaie2!A:A,Foaie2!M:M,0) -> 0.0005
A12: Programmatic Display | B12: 500 | C12: 100 | D12: 150 | E12: =SUM(B12:D12) -> 750 | X12: =_xlfn.XLOOKUP(A12,Foaie2!A:A,Foaie2!C:C,0) -> 0.4 | Y12: =IFERROR(B12/X12,0) -> 1250 | Z12: =_xlfn.XLOOKUP(A12,Foaie2!A:A,Foaie2!D:D,0) -> 0.005 | AA12: =Y12*Z12 -> 6.25 | AB12: =_xlfn.XLOOKUP(A12,Foaie2!A:A,Foaie2!E:E,0) -> 0.001 | AC12: =_xlfn.XLOOKUP(A12,Foaie2!A:A,Foaie2!G:G,0) -> 0.4 | AD12: =IFERROR(C12/AC12,0) -> 250 | AE12: =_xlfn.XLOOKUP(A12,Foaie2!A:A,Foaie2!H:H,0) -> 0.0025 | AF12: =AD12*AE12 -> 0.625 | AG12: =_xlfn.XLOOKUP(A12,Foaie2!A:A,Foaie2!I:I,0) -> 0.001 | AH12: =_xlfn.XLOOKUP(A12,Foaie2!A:A,Foaie2!K:K,0) -> 0.4 | AI12: =IFERROR(D12/AH12,0) -> 375 | AJ12: =_xlfn.XLOOKUP(A12,Foaie2!A:A,Foaie2!L:L,0) -> 0.0025 | AK12: =AI12*AJ12 -> 0.9375 | AL12: =_xlfn.XLOOKUP(A12,Foaie2!A:A,Foaie2!M:M,0) -> 0.001
A13: TOTAL (Awareness) | B13: =SUM(B7:B12) -> 2400 | C13: =SUM(C7:C12) -> 1300 | D13: =SUM(D7:D12) -> 650 | E13: =B13+C13+D13 -> 4350 | F13: =E13/B2 -> 0.435 | Y13: =SUM(Y7:Y12) -> 12116.667 | Z13: =IFERROR(SUMPRODUCT(Y7:Y12,Z7:Z12)/SUM(Y7:Y12),0) -> 0.0028885832 | AA13: =SUM(AA7:AA12) -> 35 | AD13: =SUM(AD7:AD12) -> 8466.6667 | AE13: =IFERROR(SUMPRODUCT(AD7:AD12,AE7:AE12)/SUM(AD7:AD12),0) -> 0.0013267717 | AF13: =SUM(AF7:AF12) -> 11.233333 | AI13: =SUM(AI7:AI12) -> 5708.3333 | AJ13: =IFERROR(SUMPRODUCT(AI7:AI12,AJ7:AJ12)/SUM(AI7:AI12),0) -> 0.0011277372 | AK13: =SUM(AK7:AK12) -> 6.4375
A15: Consideration
A16: Meta Engagement | C16: 200 | D16: 150 | E16: =SUM(B16:D16) -> 350 | AC16: =_xlfn.XLOOKUP(A16,Foaie2!A:A,Foaie2!G:G,0) -> 0.5 | AD16: =IFERROR(C16/AC16,0) -> 400 | AE16: =_xlfn.XLOOKUP(A16,Foaie2!A:A,Foaie2!H:H,0) -> 0.01 | AF16: =AD16*AE16 -> 4 | AG16: =_xlfn.XLOOKUP(A16,Foaie2!A:A,Foaie2!I:I,0) -> 0.0015 | AH16: =_xlfn.XLOOKUP(A16,Foaie2!A:A,Foaie2!K:K,0) -> 0.5 | AI16: =IFERROR(D16/AH16,0) -> 300 | AJ16: =_xlfn.XLOOKUP(A16,Foaie2!A:A,Foaie2!L:L,0) -> 0.01 | AK16: =AI16*AJ16 -> 3 | AL16: =_xlfn.XLOOKUP(A17,Foaie2!A:A,Foaie2!M:M,0) -> 0.004
A17: Special Activation | C17: 1200 | E17: =SUM(B17:D17) -> 1200 | AC17: =_xlfn.XLOOKUP(A17,Foaie2!A:A,Foaie2!G:G,0) -> 0.3 | AD17: =IFERROR(C17/AC17,0) -> 4000 | AE17: =_xlfn.XLOOKUP(A17,Foaie2!A:A,Foaie2!H:H,0) -> 0.012 | AF17: =AD17*AE17 -> 48 | AG17: =_xlfn.XLOOKUP(A17,Foaie2!A:A,Foaie2!I:I,0) -> 0.004 | AH17: =_xlfn.XLOOKUP(A17,Foaie2!A:A,Foaie2!K:K,0) -> 0.3 | AI17: =IFERROR(D17/AH17,0) -> 0 | AJ17: =_xlfn.XLOOKUP(A17,Foaie2!A:A,Foaie2!L:L,0) -> 0.012 | AK17: =AI17*AJ17 -> 0 | AL17: =_xlfn.XLOOKUP(A18,Foaie2!A:A,Foaie2!M:M,0) -> 0.0005
A18: Google Demand Gen | C18: 100 | E18: =SUM(B18:D18) -> 100 | AC18: =_xlfn.XLOOKUP(A18,Foaie2!A:A,Foaie2!G:G,0) -> 0.25 | AD18: =IFERROR(C18/AC18,0) -> 400 | AE18: =_xlfn.XLOOKUP(A18,Foaie2!A:A,Foaie2!H:H,0) -> 0.0045 | AF18: =AD18*AE18 -> 1.8 | AG18: =_xlfn.XLOOKUP(A18,Foaie2!A:A,Foaie2!I:I,0) -> 0.0005 | AH18: =_xlfn.XLOOKUP(A18,Foaie2!A:A,Foaie2!K:K,0) -> 0.25 | AI18: =IFERROR(D18/AH18,0) -> 0 | AJ18: =_xlfn.XLOOKUP(A18,Foaie2!A:A,Foaie2!L:L,0) -> 0.0045 | AK18: =AI18*AJ18 -> 0 | AL18: =_xlfn.XLOOKUP(A19,Foaie2!A:A,Foaie2!M:M,0) -> 0.0005
A19: YouTube Bumper | C19: 200 | E19: =SUM(B19:D19) -> 200 | AC19: =_xlfn.XLOOKUP(A19,Foaie2!A:A,Foaie2!G:G,0) -> 1 | AD19: =IFERROR(C19/AC19,0) -> 200 | AE19: =_xlfn.XLOOKUP(A19,Foaie2!A:A,Foaie2!H:H,0) -> 0.0065 | AF19: =AD19*AE19 -> 1.3 | AG19: =_xlfn.XLOOKUP(A19,Foaie2!A:A,Foaie2!I:I,0) -> 0.0005 | AH19: =_xlfn.XLOOKUP(A19,Foaie2!A:A,Foaie2!K:K,0) -> 1 | AI19: =IFERROR(D19/AH19,0) -> 0 | AJ19: =_xlfn.XLOOKUP(A19,Foaie2!A:A,Foaie2!L:L,0) -> 0.0065 | AK19: =AI19*AJ19 -> 0 | AL19: =_xlfn.XLOOKUP(A20,Foaie2!A:A,Foaie2!M:M,0) -> 0
A20: TOTAL (Consideration) | B20: =SUM(B16:B19) -> 0 | C20: =SUM(C16:C19) -> 1700 | D20: =SUM(D16:D19) -> 150 | E20: =B20+C20+D20 -> 1850 | F20: =E20/B2 -> 0.185 | Y20: =SUM(Y16:Y19) -> 0 | Z20: =IFERROR(SUMPRODUCT(Y16:Y19,Z16:Z19)/SUM(Y16:Y19),0) -> 0 | AA20: =SUM(AA16:AA19) -> 0 | AD20: =SUM(AD16:AD19) -> 5000 | AE20: =IFERROR(SUMPRODUCT(AD16:AD19,AE16:AE19)/SUM(AD16:AD19),0) -> 0.01102 | AF20: =SUM(AF16:AF19) -> 55.1 | AI20: =SUM(AI16:AI19) -> 300 | AJ20: =IFERROR(SUMPRODUCT(AI16:AI19,AJ16:AJ19)/SUM(AI16:AI19),0) -> 0.01 | AK20: =SUM(AK16:AK19) -> 3
A22: Conversion
A23: Google Pmax (optimized on conversion) | B23: 200 | C23: 800 | D23: 1150 | E23: =SUM(B23:D23) -> 2150 | X23: =_xlfn.XLOOKUP(A23,Foaie2!A:A,Foaie2!C:C,0) -> 0.45 | Y23: =IFERROR(B23/X23,0) -> 444.44444 | Z23: =_xlfn.XLOOKUP(A23,Foaie2!A:A,Foaie2!D:D,0) -> 0.018 | AA23: =Y23*Z23 -> 8 | AB23: =_xlfn.XLOOKUP(A23,Foaie2!A:A,Foaie2!E:E,0) -> 0.0015 | AC23: =_xlfn.XLOOKUP(A23,Foaie2!A:A,Foaie2!G:G,0) -> 0.45 | AD23: =IFERROR(C23/AC23,0) -> 1777.7778 | AE23: =_xlfn.XLOOKUP(A23,Foaie2!A:A,Foaie2!H:H,0) -> 0.022 | AF23: =AD23*AE23 -> 39.111111 | AG23: =_xlfn.XLOOKUP(A23,Foaie2!A:A,Foaie2!I:I,0) -> 0.0015 | AH23: =_xlfn.XLOOKUP(A23,Foaie2!A:A,Foaie2!K:K,0) -> 0.45 | AI23: =IFERROR(D23/AH23,0) -> 2555.5556 | AJ23: =_xlfn.XLOOKUP(A23,Foaie2!A:A,Foaie2!L:L,0) -> 0.026 | AK23: =AI23*AJ23 -> 66.444444
A24: Meta Conversion | B24: 150 | C24: 650 | D24: 850 | E24: =SUM(B24:D24) -> 1650 | X24: =_xlfn.XLOOKUP(A24,Foaie2!A:A,Foaie2!C:C,0) -> 0.8 | Y24: =IFERROR(B24/X24,0) -> 187.5 | Z24: =_xlfn.XLOOKUP(A24,Foaie2!A:A,Foaie2!D:D,0) -> 0.022 | AA24: =Y24*Z24 -> 4.125 | AB24: =_xlfn.XLOOKUP(A24,Foaie2!A:A,Foaie2!E:E,0) -> 0.0015 | AC24: =_xlfn.XLOOKUP(A24,Foaie2!A:A,Foaie2!G:G,0) -> 0.8 | AD24: =IFERROR(C24/AC24,0) -> 812.5 | AE24: =_xlfn.XLOOKUP(A24,Foaie2!A:A,Foaie2!H:H,0) -> 0.025 | AF24: =AD24*AE24 -> 20.3125 | AG24: =_xlfn.XLOOKUP(A24,Foaie2!A:A,Foaie2!I:I,0) -> 0.0015 | AH24: =_xlfn.XLOOKUP(A24,Foaie2!A:A,Foaie2!K:K,0) -> 0.8 | AI24: =IFERROR(D24/AH24,0) -> 1062.5 | AJ24: =_xlfn.XLOOKUP(A24,Foaie2!A:A,Foaie2!L:L,0) -> 0.028 | AK24: =AI24*AJ24 -> 29.75
A25: TOTAL (Conversion) | B25: =SUM(B23:B24) -> 350 | C25: =SUM(C23:C24) -> 1450 | D25: =SUM(D23:D24) -> 2000 | E25: =B25+C25+D25 -> 3800 | F25: =E25/B2 -> 0.38 | Y25: =SUM(Y23:Y24) -> 631.94444 | Z25: {=IFERROR(SUMPRODUCT(Y23:Y24*Z23:Z24)/SUM(Y23:Y24),0)} -> 0.019186813 | AA25: =Y25*Z25 -> 12.125 | AD25: =SUM(AD23:AD24) -> 2590.2778 | AE25: {=IFERROR(SUMPRODUCT(AD23:AD24*AE23:AE24)/SUM(AD23:AD24),0)} -> 0.022941019 | AF25: =SUM(AF23:AF24) -> 59.423611 | AI25: =SUM(AI23:AI24) -> 3618.0556 | AJ25: {=IFERROR(SUMPRODUCT(AI23:AI24*AJ23:AJ24)/SUM(AI23:AI24),0)} -> 0.026587332 | AK25: =SUM(AK23:AK24) -> 96.194444
A28: TOTAL CAMPANIE / LUNA | B28: =B13+B20+B25 -> 2750 | C28: =C13+C20+C25 -> 4450 | D28: =D13+D20+D25 -> 2800 | Y28: =Y13+Y20+Y25 -> 12748.611 | Z28: =(Z13+Z20+Z25)/3 -> 0.0073584655 | AA28: =AA13+AA20+AA25 -> 47.125 | AD28: =AD13+AD20+AD25 -> 16056.944 | AE28: =(AE13+AE20+AE25)/3 -> 0.011762597 | AF28: =AF13+AF20+AF25 -> 125.75694 | AI28: =AI13+AI20+AI25 -> 9626.3889 | AJ28: =(AJ13+AJ20+AJ25)/3 -> 0.01257169 | AK28: =AK13+AK20+AK25 -> 105.63194
A29: Buget CONSUMAT | B29: =C28+D28+B28 -> 10000
A30: CVR | B30: =((Z28+AE28+AJ28)/3)*AA30*AA31 -> 0.026938839 | X30: Awareness | Y30: =IF(F13>0.42,1.7,0) -> 1.7 | Z30: 1 | AA30: =MAX(Y30:Z30) -> 1.7
A31: Numar Lead-uri | B31: =(AA28+AF28+AK28)*AA30*AA31 -> 710.21042 | X31: Consideration | Y31: =IF(F20>0.14,1.5,0) -> 1.5 | Z31: 1 | AA31: =MAX(Y31:Z31) -> 1.5
A32: Cost / Lead | B32: =IFERROR(B29/B31,0) -> 14.080334
A33: CVR (Lead -- Sale) | B33: 0.05
A34: Masini Vandute | B34: =B31*B33 -> 35.510521

Sheet Foaie2
B2: Luna 1 | F2: Luna 2 | J2: Luna 3
A3: Awareness
C4: CPC | D4: CVR LEAD | E4: CVR CAR | G4: CPC | H4: CVR LEAD | I4: CVR CAR | K4: CPC | L4: CVR LEAD | M4: CVR CAR
A5: YouTube Skippable In-Stream | C5: 1 | D5: 0.0075 | E5: 0.0015 | G5: 1 | H5: 0.0055 | I5: 0.0015 | K5: 1 | L5: 0.0035 | M5: 0.0015
A6: Meta Reach | C6: 0.3 | D6: 0.004 | E6: 0.0015 | G6: 0.3 | H6: 0.002 | I6: 0.0015 | K6: 0.3 | L6: 0.002 | M6: 0.0015
A7: Meta Traffic | C7: 0.06 | D7: 0.002 | E7: 0.0005 | G7: 0.06 | H7: 0.001 | I7: 0.0005 | K7: 0.06 | L7: 0.001 | M7: 0.0005
A8: Meta Video Views | C8: 1 | D8: 0.0075 | E8: 0.001 | G8: 1 | H8: 0.0055 | I8: 0.001 | K8: 1 | L8: 0.0035 | M8: 0.001
A9: Google Display | C9: 0.6 | D9: 0.003 | E9: 0.0005 | G9: 0.6 | H9: 0.0015 | I9: 0.0005 | K9: 0.6 | L9: 0.0015 | M9: 0.0005
A10: Google Search | C10: 0.08 | D10: 0.003 | E10: 0.0005 | G10: 0.08 | H10: 0.0015 | I10: 0.0005 | K10: 0.08 | L10: 0.0015 | M10: 0.0005
A11: Programmatic Display | C11: 0.4 | D11: 0.005 | E11: 0.001 | G11: 0.4 | H11: 0.0025 | I11: 0.001 | K11: 0.4 | L11: 0.0025 | M11: 0.001
A12: Google Pmax (optimized on clicks) | C12: 0.1 | D12: 0.004 | E12: 0.0005 | G12: 0.1 | H12: 0.002 | I12: 0.0005 | K12: 0.1 | L12: 0.002 | M12: 0.0005 | Q12: c
A14: Consideration
A16: YouTube Skippable In-Stream | C16: 1 | D16: 0.008 | E16: 0.0015 | G16: 1 | H16: 0.007 | I16: 0.0015 | K16: 1 | L16: 0.007 | M16: 0.0015
A17: YouTube Bumper | C17: 1 | D17: 0.0055 | E17: 0.0005 | G17: 1 | H17: 0.0065 | I17: 0.0005 | K17: 1 | L17: 0.0065 | M17: 0.0005
A18: Google Demand Gen | C18: 0.25 | D18: 0.0035 | E18: 0.0005 | G18: 0.25 | H18: 0.0045 | I18: 0.0005 | K18: 0.25 | L18: 0.0045 | M18: 0.0005
A19: Meta Engagement | C19: 0.5 | D19: 0.008 | E19: 0.0015 | G19: 0.5 | H19: 0.01 | I19: 0.0015 | K19: 0.5 | L19: 0.01 | M19: 0.0015
A20: Meta Traffic | C20: 0.06 | D20: 0.005 | E20: 0.0005 | G20: 0.06 | H20: 0.0065 | I20: 0.0005 | K20: 0.06 | L20: 0.0065 | M20: 0.0005
A21: Special Activation | C21: 0.3 | D21: 0.008 | E21: 0.004 | G21: 0.3 | H21: 0.012 | I21: 0.004 | K21: 0.3 | L21: 0.012 | M21: 0.004
A23: Conversion
A25: Google Search High Intent | C25: 1.5 | D25: 0.01 | E25: 0.0025 | G25: 1.2 | H25: 0.018 | I25: 0.0025 | K25: 1 | L25: 0.035 | M25: 0.0025
A26: Google Pmax (optimized on conversion) | C26: 0.45 | D26: 0.018 | E26: 0.0015 | G26: 0.45 | H26: 0.022 | I26: 0.0015 | K26: 0.45 | L26: 0.026 | M26: 0.0015
A27: Meta Conversion | C27: 0.8 | D27: 0.022 | E27: 0.0015 | G27: 0.8 | H27: 0.025 | I27: 0.0015 | K27: 0.8 | L27: 0.028 | M27: 0.0015
